Forward and Reverse id	Sample id
101-0S_S1_L001_R1_001.fastq	101_0S_L001-ds.cf2d2495dc36468d9600aaa5faee7bc9
101-0S_S1_L001_R2_001.fastq	101_0S_L001-ds.cf2d2495dc36468d9600aaa5faee7bc9
101-0US_S2_L001_R1_001.fastq	101_0US_L001-ds.d98f353184cb4a5bb0cd4c036e9e4ad1
101-0US_S2_L001_R2_001.fastq	101_0US_L001-ds.d98f353184cb4a5bb0cd4c036e9e4ad1
A_S62_L001_R1_001.fastq	A_L001-ds.f8b7f35baaa742cb8b138112a5b5b7e8
A_S62_L001_R2_001.fastq	A_L001-ds.f8b7f35baaa742cb8b138112a5b5b7e8
B_S69_L001_R1_001.fastq	B_L001-ds.9b4fd0c211f24fc6b1385647e0e5931f
B_S69_L001_R2_001.fastq	B_L001-ds.9b4fd0c211f24fc6b1385647e0e5931f
Baseline-Tongue-Dorsum_S79_L001_R1_001.fastq	Baseline_Tongue_Dorsum_L001-ds.d147273e5d874f5ea59583d7ee950e51
Baseline-Tongue-Dorsum_S79_L001_R2_001.fastq	Baseline_Tongue_Dorsum_L001-ds.d147273e5d874f5ea59583d7ee950e51
GWI-524_S111_L001_R1_001.fastq	GWI_524_L001-ds.4dd1435048864783992f553c954d6ec3
GWI-524_S111_L001_R2_001.fastq	GWI_524_L001-ds.4dd1435048864783992f553c954d6ec3
GWI-525_S112_L001_R1_001.fastq	GWI_525_L001-ds.29974f76a2cd4e3382537edb8ec8d890
GWI-525_S112_L001_R2_001.fastq	GWI_525_L001-ds.29974f76a2cd4e3382537edb8ec8d890
M001-2-wks-RBM_S68_L001_R1_001.fastq	M001_2_wks_RBM_L001-ds.223c4b986b85464387f2bc08eaa5c76b
M001-2-wks-RBM_S68_L001_R2_001.fastq	M001_2_wks_RBM_L001-ds.223c4b986b85464387f2bc08eaa5c76b
M001-2wkS2_S3_L001_R1_001.fastq	M001_2wkS2_L001-ds.a310ba9e87574230ba4f24ec62314985
M001-2wkS2_S3_L001_R2_001.fastq	M001_2wkS2_L001-ds.a310ba9e87574230ba4f24ec62314985
M001-2wkUS2_S4_L001_R1_001.fastq	M001_2wkUS2_L001-ds.b56a661546f74b74a435bbacd1123beb
M001-2wkUS2_S4_L001_R2_001.fastq	M001_2wkUS2_L001-ds.b56a661546f74b74a435bbacd1123beb
M001-4wk-LBM_S59_L001_R1_001.fastq	M001_4wk_LBM_L001-ds.85a477d9f3d241669a4468107b34ad3f
M001-4wk-LBM_S59_L001_R2_001.fastq	M001_4wk_LBM_L001-ds.85a477d9f3d241669a4468107b34ad3f
M001-4wk-RBM_S60_L001_R1_001.fastq	M001_4wk_RBM_L001-ds.f54def640bd544d58024657e43fa897b
M001-4wk-RBM_S60_L001_R2_001.fastq	M001_4wk_RBM_L001-ds.f54def640bd544d58024657e43fa897b
M001-4wkS_S5_L001_R1_001.fastq	M001_4wkS_L001-ds.902f96c24fe44140806af42e1e055fc1
M001-4wkS_S5_L001_R2_001.fastq	M001_4wkS_L001-ds.902f96c24fe44140806af42e1e055fc1
M001-4wkUS_S6_L001_R1_001.fastq	M001_4wkUS_L001-ds.5df6b3fa039d4d21bbc713fc42eca571
M001-4wkUS_S6_L001_R2_001.fastq	M001_4wkUS_L001-ds.5df6b3fa039d4d21bbc713fc42eca571
M001-L-buccal-11-5-18_S70_L001_R1_001.fastq	M001_L_buccal_11_5_18_L001-ds.5a53e8cd6a364d3badfc09fe8a476b76
M001-L-buccal-11-5-18_S70_L001_R2_001.fastq	M001_L_buccal_11_5_18_L001-ds.5a53e8cd6a364d3badfc09fe8a476b76
M001-LBM-2-Weeks_S65_L001_R1_001.fastq	M001_LBM_2_Weeks_L001-ds.a7ed4463da2742078e7c7e52638d012c
M001-LBM-2-Weeks_S65_L001_R2_001.fastq	M001_LBM_2_Weeks_L001-ds.a7ed4463da2742078e7c7e52638d012c
M001-R-buccal-11-5-18_S71_L001_R1_001.fastq	M001_R_buccal_11_5_18_L001-ds.11f0119b592148e2a495a0d4a44e956c
M001-R-buccal-11-5-18_S71_L001_R2_001.fastq	M001_R_buccal_11_5_18_L001-ds.11f0119b592148e2a495a0d4a44e956c
M002-Dorsum-baseline_S67_L001_R1_001.fastq	M002_Dorsum_baseline_L001-ds.57fa8220051a4f98b2ea677613a5b98e
M002-Dorsum-baseline_S67_L001_R2_001.fastq	M002_Dorsum_baseline_L001-ds.57fa8220051a4f98b2ea677613a5b98e
M002-L-Bucc-baseline_S57_L001_R1_001.fastq	M002_L_Bucc_baseline_L001-ds.0c05b02cfe6d4da3930a4611a2310f06
M002-L-Bucc-baseline_S57_L001_R2_001.fastq	M002_L_Bucc_baseline_L001-ds.0c05b02cfe6d4da3930a4611a2310f06
M002-R-Buccal-baseline_S64_L001_R1_001.fastq	M002_R_Buccal_baseline_L001-ds.3978b43445174740844d00bbda96565f
M002-R-Buccal-baseline_S64_L001_R2_001.fastq	M002_R_Buccal_baseline_L001-ds.3978b43445174740844d00bbda96565f
M003-2wk1_S8_L001_R1_001.fastq	M003_2wk1_L001-ds.0553899afb9643a19a6d151d56efb578
M003-2wk1_S8_L001_R2_001.fastq	M003_2wk1_L001-ds.0553899afb9643a19a6d151d56efb578
M003-4-wks-Left-Buccal-Mucosa_S49_L001_R1_001.fastq	M003_4_wks_Left_Buccal_Mucosa_L001-ds.a6b90d1c3edc4e07b538667f000887c3
M003-4-wks-Left-Buccal-Mucosa_S49_L001_R2_001.fastq	M003_4_wks_Left_Buccal_Mucosa_L001-ds.a6b90d1c3edc4e07b538667f000887c3
M003-4wk1US_S10_L001_R1_001.fastq	M003_4wk1US_L001-ds.8328222ab45649f68203a7d73a1f5ada
M003-4wk1US_S10_L001_R2_001.fastq	M003_4wk1US_L001-ds.8328222ab45649f68203a7d73a1f5ada
M003-4wks-R-Buccal-Mucosa_S55_L001_R1_001.fastq	M003_4wks_R_Buccal_Mucosa_L001-ds.84ea96eb155b4b479aa779ee64d433bc
M003-4wks-R-Buccal-Mucosa_S55_L001_R2_001.fastq	M003_4wks_R_Buccal_Mucosa_L001-ds.84ea96eb155b4b479aa779ee64d433bc
M003-B-Left-BM_S61_L001_R1_001.fastq	M003_B_Left_BM_L001-ds.060b8db40387458ead78b06859859a3e
M003-B-Left-BM_S61_L001_R2_001.fastq	M003_B_Left_BM_L001-ds.060b8db40387458ead78b06859859a3e
M003-B-Right-BM_S63_L001_R1_001.fastq	M003_B_Right_BM_L001-ds.4dc6dc23f76e4671a96617330944b9c4
M003-B-Right-BM_S63_L001_R2_001.fastq	M003_B_Right_BM_L001-ds.4dc6dc23f76e4671a96617330944b9c4
M003-B1_S7_L001_R1_001.fastq	M003_B1_L001-ds.8aa1c42ab4bb4d749e0f8e89428ad7f7
M003-B1_S7_L001_R2_001.fastq	M003_B1_L001-ds.8aa1c42ab4bb4d749e0f8e89428ad7f7
M003-BTD_S58_L001_R1_001.fastq	M003_BTD_L001-ds.fbcc4bb6e63a4435b2c72a53a482f7a0
M003-BTD_S58_L001_R2_001.fastq	M003_BTD_L001-ds.fbcc4bb6e63a4435b2c72a53a482f7a0
M003-Week-2-Left-BM_S56_L001_R1_001.fastq	M003_Week_2_Left_BM_L001-ds.30241f417f11461e97183e6fe2e5b34a
M003-Week-2-Left-BM_S56_L001_R2_001.fastq	M003_Week_2_Left_BM_L001-ds.30241f417f11461e97183e6fe2e5b34a
M003-Week-2-Right-BM_S52_L001_R1_001.fastq	M003_Week_2_Right_BM_L001-ds.2af388fdabd940ae96bfe5492d5b588a
M003-Week-2-Right-BM_S52_L001_R2_001.fastq	M003_Week_2_Right_BM_L001-ds.2af388fdabd940ae96bfe5492d5b588a
M003-Week-2-TD_S53_L001_R1_001.fastq	M003_Week_2_TD_L001-ds.3e8f66408972421397e9bc01a70a8745
M003-Week-2-TD_S53_L001_R2_001.fastq	M003_Week_2_TD_L001-ds.3e8f66408972421397e9bc01a70a8745
M004-B3_S11_L001_R1_001.fastq	M004_B3_L001-ds.0635d8e72ebe476c8689bd7c3a080aca
M004-B3_S11_L001_R2_001.fastq	M004_B3_L001-ds.0635d8e72ebe476c8689bd7c3a080aca
M004-Left-BM-baseline_S50_L001_R1_001.fastq	M004_Left_BM_baseline_L001-ds.37f01c346a4e495b9d132913c5d95462
M004-Left-BM-baseline_S50_L001_R2_001.fastq	M004_Left_BM_baseline_L001-ds.37f01c346a4e495b9d132913c5d95462
M004-RBM-ZW_S48_L001_R1_001.fastq	M004_RBM_ZW_L001-ds.632ab0722e8f412eba105da31a478f28
M004-RBM-ZW_S48_L001_R2_001.fastq	M004_RBM_ZW_L001-ds.632ab0722e8f412eba105da31a478f28
M004-Right-BM-Baseline_S54_L001_R1_001.fastq	M004_Right_BM_Baseline_L001-ds.73598ae0873047cbb37815fd5ff6b8af
M004-Right-BM-Baseline_S54_L001_R2_001.fastq	M004_Right_BM_Baseline_L001-ds.73598ae0873047cbb37815fd5ff6b8af
M004-TD-Baseline_S51_L001_R1_001.fastq	M004_TD_Baseline_L001-ds.f05eb23374ce48e0aff44ccc50e069b0
M004-TD-Baseline_S51_L001_R2_001.fastq	M004_TD_Baseline_L001-ds.f05eb23374ce48e0aff44ccc50e069b0
M004-TD-ZW_S46_L001_R1_001.fastq	M004_TD_ZW_L001-ds.bc800d0bd45e41ea98ac0f8841ce5043
M004-TD-ZW_S46_L001_R2_001.fastq	M004_TD_ZW_L001-ds.bc800d0bd45e41ea98ac0f8841ce5043
M004-W4-LBM_S44_L001_R1_001.fastq	M004_W4_LBM_L001-ds.c63665bc3a63486cb9f4548afee5ff49
M004-W4-LBM_S44_L001_R2_001.fastq	M004_W4_LBM_L001-ds.c63665bc3a63486cb9f4548afee5ff49
M004-W4-TD_S43_L001_R1_001.fastq	M004_W4_TD_L001-ds.4f5f1ab3505d4a53875bef5bd4edca1b
M004-W4-TD_S43_L001_R2_001.fastq	M004_W4_TD_L001-ds.4f5f1ab3505d4a53875bef5bd4edca1b
M004-ZW-LBM_S45_L001_R1_001.fastq	M004_ZW_LBM_L001-ds.e734a64877d3495b84e2a42246bdd149
M004-ZW-LBM_S45_L001_R2_001.fastq	M004_ZW_LBM_L001-ds.e734a64877d3495b84e2a42246bdd149
M005-2wk-1-US_S12_L001_R1_001.fastq	M005_2wk_1_US_L001-ds.9e6f7772a33e4065b991de653547ef64
M005-2wk-1-US_S12_L001_R2_001.fastq	M005_2wk_1_US_L001-ds.9e6f7772a33e4065b991de653547ef64
M005-2wk-4S_S13_L001_R1_001.fastq	M005_2wk_4S_L001-ds.5fbe661ac7894f828e558d4fa93a12fa
M005-2wk-4S_S13_L001_R2_001.fastq	M005_2wk_4S_L001-ds.5fbe661ac7894f828e558d4fa93a12fa
M005-4-wk-right-buccal-mucosa_S104_L001_R1_001.fastq	M005_4_wk_right_buccal_mucosa_L001-ds.2f76ae86f957493bb55f7b763a23365a
M005-4-wk-right-buccal-mucosa_S104_L001_R2_001.fastq	M005_4_wk_right_buccal_mucosa_L001-ds.2f76ae86f957493bb55f7b763a23365a
M005-4-wk-Tongue-Dorsum_S107_L001_R1_001.fastq	M005_4_wk_Tongue_Dorsum_L001-ds.662243d2fb2d4cdc97ec2e56042f2aa3
M005-4-wk-Tongue-Dorsum_S107_L001_R2_001.fastq	M005_4_wk_Tongue_Dorsum_L001-ds.662243d2fb2d4cdc97ec2e56042f2aa3
M005-4wk-1-US_S14_L001_R1_001.fastq	M005_4wk_1_US_L001-ds.440cffed6cd545d583261c553b9f2a92
M005-4wk-1-US_S14_L001_R2_001.fastq	M005_4wk_1_US_L001-ds.440cffed6cd545d583261c553b9f2a92
M005-4wk-4S_S114_L001_R1_001.fastq	M005_4wk_4S_L001-ds.0d7399879b4f42a7af5e2b6e4b760470
M005-4wk-4S_S114_L001_R2_001.fastq	M005_4wk_4S_L001-ds.0d7399879b4f42a7af5e2b6e4b760470
M005-4wk-left-buccal-mucosa_S102_L001_R1_001.fastq	M005_4wk_left_buccal_mucosa_L001-ds.06193a88956a41ee8dceca35c076fcb6
M005-4wk-left-buccal-mucosa_S102_L001_R2_001.fastq	M005_4wk_left_buccal_mucosa_L001-ds.06193a88956a41ee8dceca35c076fcb6
M005-baseline-2US_S15_L001_R1_001.fastq	M005_baseline_2US_L001-ds.7c46efad264d486eae13c83ba37614f3
M005-baseline-2US_S15_L001_R2_001.fastq	M005_baseline_2US_L001-ds.7c46efad264d486eae13c83ba37614f3
M005-baseline-3-S_S16_L001_R1_001.fastq	M005_baseline_3_S_L001-ds.0069475f635b4f4cbfbed86695f595a9
M005-baseline-3-S_S16_L001_R2_001.fastq	M005_baseline_3_S_L001-ds.0069475f635b4f4cbfbed86695f595a9
M005-BL-ARM_S37_L001_R1_001.fastq	M005_BL_ARM_L001-ds.1079a7497d7c4eff832c38b6a370c295
M005-BL-ARM_S37_L001_R2_001.fastq	M005_BL_ARM_L001-ds.1079a7497d7c4eff832c38b6a370c295
M005-BL-LM_S47_L001_R1_001.fastq	M005_BL_LM_L001-ds.e7036588377343d89c959f097772e85e
M005-BL-LM_S47_L001_R2_001.fastq	M005_BL_LM_L001-ds.e7036588377343d89c959f097772e85e
M005-BL-TD_S40_L001_R1_001.fastq	M005_BL_TD_L001-ds.0c0a7a2a2d9d40c1a0fd0ca734ff2f88
M005-BL-TD_S40_L001_R2_001.fastq	M005_BL_TD_L001-ds.0c0a7a2a2d9d40c1a0fd0ca734ff2f88
M005-W2-RB_S42_L001_R1_001.fastq	M005_W2_RB_L001-ds.4fe5507590f8477782840219fbe31b70
M005-W2-RB_S42_L001_R2_001.fastq	M005_W2_RB_L001-ds.4fe5507590f8477782840219fbe31b70
M005-W2-TD_S38_L001_R1_001.fastq	M005_W2_TD_L001-ds.19c9b3cf7aae4b82b259b519f1a56380
M005-W2-TD_S38_L001_R2_001.fastq	M005_W2_TD_L001-ds.19c9b3cf7aae4b82b259b519f1a56380
M005-W4-RBM_S41_L001_R1_001.fastq	M005_W4_RBM_L001-ds.befd5a87e47a42d7862717a441a9016b
M005-W4-RBM_S41_L001_R2_001.fastq	M005_W4_RBM_L001-ds.befd5a87e47a42d7862717a441a9016b
M005-ZW-LB_S39_L001_R1_001.fastq	M005_ZW_LB_L001-ds.3bc37f0bb869455b96b63346b2b7b55c
M005-ZW-LB_S39_L001_R2_001.fastq	M005_ZW_LB_L001-ds.3bc37f0bb869455b96b63346b2b7b55c
M006-2wk-2-US_S17_L001_R1_001.fastq	M006_2wk_2_US_L001-ds.835fe4b576a34f9fad1abf4636870815
M006-2wk-2-US_S17_L001_R2_001.fastq	M006_2wk_2_US_L001-ds.835fe4b576a34f9fad1abf4636870815
M006-2wk-3-S_S18_L001_R1_001.fastq	M006_2wk_3_S_L001-ds.6b9e185f7b674f5990c579a7bd39f901
M006-2wk-3-S_S18_L001_R2_001.fastq	M006_2wk_3_S_L001-ds.6b9e185f7b674f5990c579a7bd39f901
M006-4wk-1-US_S19_L001_R1_001.fastq	 M006_4wk_1_US_L001-ds.5391e79316724a70a9f59d4007dbda4b 
M006-4wk-1-US_S19_L001_R2_001.fastq	 M006_4wk_1_US_L001-ds.5391e79316724a70a9f59d4007dbda4b 
M006-4wk-S4_S20_L001_R1_001.fastq	M006_4wk_S4_L001-ds.1e69216bebc44309922901700fd4f9cd
M006-4wk-S4_S20_L001_R2_001.fastq	M006_4wk_S4_L001-ds.1e69216bebc44309922901700fd4f9cd
M006-baseline-6S_S22_L001_R1_001.fastq	M006_baseline_6S_L001-ds.7911e00f68a244b1a91cdc8a0f022db3
M006-baseline-6S_S22_L001_R2_001.fastq	M006_baseline_6S_L001-ds.7911e00f68a244b1a91cdc8a0f022db3
M006-baseline-US-5_S21_L001_R1_001.fastq	M006_baseline_US_5_L001-ds.6cbd6be1df29491f92712660458008d0
M006-baseline-US-5_S21_L001_R2_001.fastq	M006_baseline_US_5_L001-ds.6cbd6be1df29491f92712660458008d0
M006-BL-LM_S106_L001_R1_001.fastq	M006_BL_LM_L001-ds.f3a0b6681da34b678ae3ed9d1645bc90
M006-BL-LM_S106_L001_R2_001.fastq	M006_BL_LM_L001-ds.f3a0b6681da34b678ae3ed9d1645bc90
M006-BL-RBM_S103_L001_R1_001.fastq	M006_BL_RBM_L001-ds.a5e251e56d56476b864b0ded9b855c92
M006-BL-RBM_S103_L001_R2_001.fastq	M006_BL_RBM_L001-ds.a5e251e56d56476b864b0ded9b855c92
M006-BL-TD_S105_L001_R1_001.fastq	M006_BL_TD_L001-ds.458958d82a074ee4913ab9309068b392
M006-BL-TD_S105_L001_R2_001.fastq	M006_BL_TD_L001-ds.458958d82a074ee4913ab9309068b392
M006-W2-LB_S108_L001_R1_001.fastq	M006_W2_LB_L001-ds.7607197741d44beb8ca82834f2a188f0
M006-W2-LB_S108_L001_R2_001.fastq	M006_W2_LB_L001-ds.7607197741d44beb8ca82834f2a188f0
M006-W2-RB_S97_L001_R1_001.fastq	M006_W2_RB_L001-ds.a5474f1c8685413ba0fd229c9da9caff
M006-W2-RB_S97_L001_R2_001.fastq	M006_W2_RB_L001-ds.a5474f1c8685413ba0fd229c9da9caff
M006-W2-TD_S99_L001_R1_001.fastq	M006_W2_TD_L001-ds.37faa074ec204a59b2f58a48ed747503
M006-W2-TD_S99_L001_R2_001.fastq	M006_W2_TD_L001-ds.37faa074ec204a59b2f58a48ed747503
M006-W3-LB_S101_L001_R1_001.fastq	M006_W3_LB_L001-ds.657a11bdb04641af8495cb95666ccdfe
M006-W3-LB_S101_L001_R2_001.fastq	M006_W3_LB_L001-ds.657a11bdb04641af8495cb95666ccdfe
M006-W3-RB_S100_L001_R1_001.fastq	M006_W3_RB_L001-ds.5b5be28963084d818b407b79c3a7a70e
M006-W3-RB_S100_L001_R2_001.fastq	M006_W3_RB_L001-ds.5b5be28963084d818b407b79c3a7a70e
M006-WI-TD_S98_L001_R1_001.fastq	M006_WI_TD_L001-ds.e8fae177de2d4d5a8328e5e1c6479fd4
M006-WI-TD_S98_L001_R2_001.fastq	M006_WI_TD_L001-ds.e8fae177de2d4d5a8328e5e1c6479fd4
M007-1-baseline-US_S23_L001_R1_001.fastq	M007_1_baseline_US_L001-ds.2dd09c63c0ee4c8a91ec6cff051c4409
M007-1-baseline-US_S23_L001_R2_001.fastq	M007_1_baseline_US_L001-ds.2dd09c63c0ee4c8a91ec6cff051c4409
M007-B-Dorsal-Tongue_S96_L001_R1_001.fastq	M007_B_Dorsal_Tongue_L001-ds.ea0a534fa23e4092a422cabed9d775d6
M007-B-Dorsal-Tongue_S96_L001_R2_001.fastq	M007_B_Dorsal_Tongue_L001-ds.ea0a534fa23e4092a422cabed9d775d6
M007-B-RBM_S93_L001_R1_001.fastq	M007_B_RBM_L001-ds.25c6761c5c844857a77a29edab96c5f1
M007-B-RBM_S93_L001_R2_001.fastq	M007_B_RBM_L001-ds.25c6761c5c844857a77a29edab96c5f1
M007-baseline-3-S_S24_L001_R1_001.fastq	M007_baseline_3_S_L001-ds.b32635883fac4dde8bdaa9fa031880fa
M007-baseline-3-S_S24_L001_R2_001.fastq	M007_baseline_3_S_L001-ds.b32635883fac4dde8bdaa9fa031880fa
M007-baseline-L-buccal-mucosa_S92_L001_R1_001.fastq	M007_baseline_L_buccal_mucosa_L001-ds.59b54a5cfb464460a4bd5d248d577e88
M007-baseline-L-buccal-mucosa_S92_L001_R2_001.fastq	M007_baseline_L_buccal_mucosa_L001-ds.59b54a5cfb464460a4bd5d248d577e88
M009-2-week-S-23_S26_L001_R1_001.fastq	M009_2_week_S_23_L001-ds.0be64765e0bf49399e8650dde3ff4a0f
M009-2-week-S-23_S26_L001_R2_001.fastq	M009_2_week_S_23_L001-ds.0be64765e0bf49399e8650dde3ff4a0f
M009-2-wk-Right-Buccal-Mucosa_S94_L001_R1_001.fastq	M009_2_wk_Right_Buccal_Mucosa_L001-ds.6950f597a0e54bf99491a1654bded67a
M009-2-wk-Right-Buccal-Mucosa_S94_L001_R2_001.fastq	M009_2_wk_Right_Buccal_Mucosa_L001-ds.6950f597a0e54bf99491a1654bded67a
M009-2wk-US-10_S25_L001_R1_001.fastq	M009_2wk_US_10_L001-ds.1dd7290c5e674156b1f553a945fa4a57
M009-2wk-US-10_S25_L001_R2_001.fastq	M009_2wk_US_10_L001-ds.1dd7290c5e674156b1f553a945fa4a57
M009-4-wk-Tongue_S85_L001_R1_001.fastq	M009_4_wk_Tongue_L001-ds.3a6db03ebb244e1a84a0f7c0e8a0e5dd
M009-4-wk-Tongue_S85_L001_R2_001.fastq	M009_4_wk_Tongue_L001-ds.3a6db03ebb244e1a84a0f7c0e8a0e5dd
M009-4wk-S-22_S28_L001_R1_001.fastq	M009_4wk_S_22_L001-ds.5ef08c3cd0db425b8686712acc9dc10b
M009-4wk-S-22_S28_L001_R2_001.fastq	M009_4wk_S_22_L001-ds.5ef08c3cd0db425b8686712acc9dc10b
M009-4wk-US-13_S27_L001_R1_001.fastq	M009_4wk_US_13_L001-ds.5eb3a67cc1124d71a67f220ba0616793
M009-4wk-US-13_S27_L001_R2_001.fastq	M009_4wk_US_13_L001-ds.5eb3a67cc1124d71a67f220ba0616793
M009-baseline-RBM_S90_L001_R1_001.fastq	M009_baseline_RBM_L001-ds.232028beae78428782cd2cfe62916e78
M009-baseline-RBM_S90_L001_R2_001.fastq	M009_baseline_RBM_L001-ds.232028beae78428782cd2cfe62916e78
M009-baseline-TB_S91_L001_R1_001.fastq	M009_baseline_TB_L001-ds.f1d13bc7f2db496aa707fbd2601cf4ea
M009-baseline-TB_S91_L001_R2_001.fastq	M009_baseline_TB_L001-ds.f1d13bc7f2db496aa707fbd2601cf4ea
M009-BL-S-5_S29_L001_R1_001.fastq	M009_BL_S_5_L001-ds.07ba59f9115c4dbe9b93fc7b5424ee33
M009-BL-S-5_S29_L001_R2_001.fastq	M009_BL_S_5_L001-ds.07ba59f9115c4dbe9b93fc7b5424ee33
M009-BL-U-S-2_S30_L001_R1_001.fastq	M009_BL_U_S_2_L001-ds.ef532692db564e2693c97277f74f04d3
M009-BL-U-S-2_S30_L001_R2_001.fastq	M009_BL_U_S_2_L001-ds.ef532692db564e2693c97277f74f04d3
M009-L-buccal-mucosa-4-wk_S86_L001_R1_001.fastq	M009_L_buccal_mucosa_4_wk_L001-ds.214d05cc95e44b99b9d41f802fbc2e03
M009-L-buccal-mucosa-4-wk_S86_L001_R2_001.fastq	M009_L_buccal_mucosa_4_wk_L001-ds.214d05cc95e44b99b9d41f802fbc2e03
M009-LBM-baseline_S95_L001_R1_001.fastq	M009_LBM_baseline_L001-ds.3449ab8403944108a1cb81169c93000e
M009-LBM-baseline_S95_L001_R2_001.fastq	M009_LBM_baseline_L001-ds.3449ab8403944108a1cb81169c93000e
M009-Left-buccal-mucosa-2-wk_S87_L001_R1_001.fastq	M009_Left_buccal_mucosa_2_wk_L001-ds.3e046ee04c0941ae8d526ef871bd19bc
M009-Left-buccal-mucosa-2-wk_S87_L001_R2_001.fastq	M009_Left_buccal_mucosa_2_wk_L001-ds.3e046ee04c0941ae8d526ef871bd19bc
M009-R-Buccal-Mucosa-4-wk_S81_L001_R1_001.fastq	M009_R_Buccal_Mucosa_4_wk_L001-ds.5b630eeda5b7456ab65ffbddf193d11e
M009-R-Buccal-Mucosa-4-wk_S81_L001_R2_001.fastq	M009_R_Buccal_Mucosa_4_wk_L001-ds.5b630eeda5b7456ab65ffbddf193d11e
M009-Tongue-Dorsum-2-wk_S82_L001_R1_001.fastq	M009_Tongue_Dorsum_2_wk_L001-ds.39f971c985c14f648c672e033d595582
M009-Tongue-Dorsum-2-wk_S82_L001_R2_001.fastq	M009_Tongue_Dorsum_2_wk_L001-ds.39f971c985c14f648c672e033d595582
M010-2-wk-L-Buccal-Mucosa_S78_L001_R1_001.fastq	M010_2_wk_L_Buccal_Mucosa_L001-ds.f2433ea067ca4192b857fee63d40e5d9
M010-2-wk-L-Buccal-Mucosa_S78_L001_R2_001.fastq	M010_2_wk_L_Buccal_Mucosa_L001-ds.f2433ea067ca4192b857fee63d40e5d9
M010-2-wk-R-Buccal-Mucosa-3pm_S74_L001_R1_001.fastq	M010_2_wk_R_Buccal_Mucosa_3pm_L001-ds.3ea876f7deb3465695ff9e9d78756abc
M010-2-wk-R-Buccal-Mucosa-3pm_S74_L001_R2_001.fastq	M010_2_wk_R_Buccal_Mucosa_3pm_L001-ds.3ea876f7deb3465695ff9e9d78756abc
M010-2-wk-Tongue-3pm_S73_L001_R1_001.fastq	M010_2_wk_Tongue_3pm_L001-ds.58a214046ff043c5b98185f10c46a5ed
M010-2-wk-Tongue-3pm_S73_L001_R2_001.fastq	M010_2_wk_Tongue_3pm_L001-ds.58a214046ff043c5b98185f10c46a5ed
M010-4-wk-L-Buccal-Mucosa_S77_L001_R1_001.fastq	M010_4_wk_L_Buccal_Mucosa_L001-ds.455ce0d129d443b7a628fd31f2cdbd89
M010-4-wk-L-Buccal-Mucosa_S77_L001_R2_001.fastq	M010_4_wk_L_Buccal_Mucosa_L001-ds.455ce0d129d443b7a628fd31f2cdbd89
M010-4-wk-R-Buccal-Mucosa_S76_L001_R1_001.fastq	M010_4_wk_R_Buccal_Mucosa_L001-ds.93376c8633774c9793f264b38008136f
M010-4-wk-R-Buccal-Mucosa_S76_L001_R2_001.fastq	M010_4_wk_R_Buccal_Mucosa_L001-ds.93376c8633774c9793f264b38008136f
M010-4-wk-Tongue-Dorsum_S75_L001_R1_001.fastq	M010_4_wk_Tongue_Dorsum_L001-ds.10fdcfa6128e4239a15601f7c6dc37a8
M010-4-wk-Tongue-Dorsum_S75_L001_R2_001.fastq	M010_4_wk_Tongue_Dorsum_L001-ds.10fdcfa6128e4239a15601f7c6dc37a8
M010-4wk-S_S32_L001_R1_001.fastq	M010_4wk_S_L001-ds.5b13f7093fd147618876c271d1fa063e
M010-4wk-S_S32_L001_R2_001.fastq	M010_4wk_S_L001-ds.5b13f7093fd147618876c271d1fa063e
M010-4wk-US_S33_L001_R1_001.fastq	M010_4wk_US_L001-ds.28d2ddd5572b4babad2e4130178a8cc0
M010-4wk-US_S33_L001_R2_001.fastq	M010_4wk_US_L001-ds.28d2ddd5572b4babad2e4130178a8cc0
M010-baseline-L-buccal-mucosa-330pm_S88_L001_R1_001.fastq	M010_baseline_L_buccal_mucosa_330pm_L001-ds.e5dfc1446ee74889853c4108813274c3
M010-baseline-L-buccal-mucosa-330pm_S88_L001_R2_001.fastq	M010_baseline_L_buccal_mucosa_330pm_L001-ds.e5dfc1446ee74889853c4108813274c3
M010-Baseline-R-Buccal-Mucosa-330pm_S83_L001_R1_001.fastq	M010_Baseline_R_Buccal_Mucosa_330pm_L001-ds.4ffbf6923016497b832d59c07a9b17c8
M010-Baseline-R-Buccal-Mucosa-330pm_S83_L001_R2_001.fastq	M010_Baseline_R_Buccal_Mucosa_330pm_L001-ds.4ffbf6923016497b832d59c07a9b17c8
M010-baseline-tongue-dorsum-329pm_S89_L001_R1_001.fastq	M010_baseline_tongue_dorsum_329pm_L001-ds.a5cec3cd1072423a8debeae82d5b96cf
M010-baseline-tongue-dorsum-329pm_S89_L001_R2_001.fastq	M010_baseline_tongue_dorsum_329pm_L001-ds.a5cec3cd1072423a8debeae82d5b96cf
M010-BL-S-1_S31_L001_R1_001.fastq	M010_BL_S_1_L001-ds.74c32be145e44618a797f1a830ad64aa
M010-BL-S-1_S31_L001_R2_001.fastq	M010_BL_S_1_L001-ds.74c32be145e44618a797f1a830ad64aa
M011-Baseline-R-buccal-mucosa_S80_L001_R1_001.fastq	M011_Baseline_R_buccal_mucosa_L001-ds.d75d9a59688c4262b103e5122fcc3389
M011-Baseline-R-buccal-mucosa_S80_L001_R2_001.fastq	M011_Baseline_R_buccal_mucosa_L001-ds.d75d9a59688c4262b103e5122fcc3389
M011-baseline-S-20_S34_L001_R1_001.fastq	M011_baseline_S_20_L001-ds.4442539634c04e4da2be76af0640f084
M011-baseline-S-20_S34_L001_R2_001.fastq	M011_baseline_S_20_L001-ds.4442539634c04e4da2be76af0640f084
M011-baseline-US-25_S35_L001_R1_001.fastq	M011_baseline_US_25_L001-ds.a4cc8614eccb48c2b3c4b8eb5cb5f8fb
M011-baseline-US-25_S35_L001_R2_001.fastq	M011_baseline_US_25_L001-ds.a4cc8614eccb48c2b3c4b8eb5cb5f8fb
M011-L-Buccal-Mucosa-baseline_S66_L001_R1_001.fastq	M011_L_Buccal_Mucosa_baseline_L001-ds.6c2bb82fe6984b13aba6b5f545a9fd75
M011-L-Buccal-Mucosa-baseline_S66_L001_R2_001.fastq	M011_L_Buccal_Mucosa_baseline_L001-ds.6c2bb82fe6984b13aba6b5f545a9fd75
M0034-week2S_S9_L001_R1_001.fastq	M0034_week2S_L001-ds.98dca849623d4a228f50a51017661139
M0034-week2S_S9_L001_R2_001.fastq	M0034_week2S_L001-ds.98dca849623d4a228f50a51017661139
PCR-NEG_S36_L001_R1_001.fastq	PCR_neg_L001-ds.22f2c280081c4bd9b1c6190dc8b12a5e
PCR-NEG_S36_L001_R2_001.fastq	PCR_neg_L001-ds.22f2c280081c4bd9b1c6190dc8b12a5e
PCR-NEG2_S84_L001_R1_001.fastq	PCR_NEG2_L001-ds.3e5d055fa89d4f46b0c3f844260e9806
PCR-NEG2_S84_L001_R2_001.fastq	PCR_NEG2_L001-ds.3e5d055fa89d4f46b0c3f844260e9806
PCR-NEG3_S110_L001_R1_001.fastq	PCR_NEG3_L001-ds.a3bb780345ee4ebeaa07c21063b14a62
PCR-NEG3_S110_L001_R2_001.fastq	PCR_NEG3_L001-ds.a3bb780345ee4ebeaa07c21063b14a62
PCR-NEG4_S113_L001_R1_001.fastq	PCR_NEG4_L001-ds.6243f5c7d9554ba3b0ee5ccc2293b610
PCR-NEG4_S113_L001_R2_001.fastq	PCR_NEG4_L001-ds.6243f5c7d9554ba3b0ee5ccc2293b610
Tongue-11-5-18_S72_L001_R1_001.fastq	Tongue_11_5_18_L001-ds.b27a46f4851e467f931073e2557d92af
Tongue-11-5-18_S72_L001_R2_001.fastq	Tongue_11_5_18_L001-ds.b27a46f4851e467f931073e2557d92af
X_S109_L001_R1_001.fastq	X_L001-ds.3e75b7180a924a8380556ce809ab8861
X_S109_L001_R2_001.fastq	X_L001-ds.3e75b7180a924a8380556ce809ab8861